{"cameraMode":{"drawMode":0,"name":"Shaded","section":"Shading Mode"},"sceneLighting":true,"audioPlay":false,"sceneViewState":{"showFog":false,"showMaterialUpdate":false,"showSkybox":false,"showFlares":false,"showImageEffects":false,"showParticleSystems":false},"in2DMode":false,"pivot":{"x":-13.916783332824707,"y":-9.367658615112305,"z":40.16242218017578},"rotation":{"x":0.21179412305355073,"y":-0.2666650414466858,"z":0.06019185483455658,"w":0.9383029341697693},"size":27.453229904174806,"orthographic":false}