{"cameraMode":{"drawMode":0,"name":"Shaded","section":"Shading Mode"},"sceneLighting":true,"audioPlay":false,"sceneViewState":{"showFog":false,"showMaterialUpdate":false,"showSkybox":false,"showFlares":false,"showImageEffects":false,"showParticleSystems":false},"in2DMode":false,"pivot":{"x":-2.200382947921753,"y":-0.5584855079650879,"z":52.3338623046875},"rotation":{"x":0.21179412305355073,"y":-0.2666650414466858,"z":0.06019185483455658,"w":0.9383029341697693},"size":7.330012798309326,"orthographic":false}